tre_ID	gene	root_relative_branch_ratio	sister_relative_branch_ratio
OG0000631_253	ACT_0023900	3.055699208925264	3.12883393972685
OG0000631_253	DUN_0004144	4.891386280765948	7.861584411477839
