tre_ID	gene	root_relative_branch_ratio	sister_relative_branch_ratio
OG0000667_246	ACT_0037670	11.186795669278283	54.34278173770287
