tre_ID	gene	root_relative_branch_ratio	sister_relative_branch_ratio
OG0000657_248	HEL_0050254	7.634114220626987	9.044371788395317
OG0000657_248	GIN_0001488	3.8197048238217293	5.066020436360987
