tre_ID	gene	root_relative_branch_ratio	sister_relative_branch_ratio
OG0008173_39	CHL_0002793	0.5949160030287467	4.036967135884882
