tre_ID	gene	root_relative_branch_ratio	sister_relative_branch_ratio
OG0000637_252	LOC107631102	8.897476409314297	0.0014925761248644291
OG0000637_252	arharahy.Tifrunner.gnm1.Arahy.20g02804	8.882725688902456	-0.0014903516615567376
OG0000637_252	LOC110267538	7.38647816290812	-0.26092272246666964
OG0000637_252	arharahy.Tifrunner.gnm1.Arahy.01g01586	6.723581388925392	-0.23162130358473532
OG0000637_252	ASP_0002982	2.208549665990036	5.744216390758324
