tre_ID	gene	root_relative_branch_ratio	sister_relative_branch_ratio
OG0000667_246	ORY_0006015	4.874205226962062	4.525647719790818
OG0000667_246	ACT_0037670	11.186795669278283	8.875978490467201
