tre_ID	gene	root_relative_branch_ratio	sister_relative_branch_ratio
OG0000630_253	LIR_0023999	10.690639911154186	1.1331157121222504
OG0000630_253	GIN_0003936	4.725378362296551	4.123627814794499
