tre_ID	gene	root_relative_branch_ratio	sister_relative_branch_ratio
OG0000652_249	GLY_0044119	3.455827515711902	3.0653984922790447
OG0000652_249	COF_0009777	6.333271941183389	6.251743435266166
OG0000652_249	HEL_0025917	8.638472905474632	11.284314181894677
