tre_ID	gene	root_relative_branch_ratio	sister_relative_branch_ratio
OG0001309_158	VIT_0007405	1.364121098955464	2.562131468992603
