tre_ID	gene	root_relative_branch_ratio	sister_relative_branch_ratio
OG0004491_64	DUN_0008762	4.412871822664156	4.762307329625537
OG0004491_64	DUN_0009923	0.23016549822114474	3.7945984774675097
