tre_ID	gene	root_relative_branch_ratio	sister_relative_branch_ratio
OG0001260_162	AQU_0021754	6.1815231492701175	-0.20076883248882435
OG0001260_162	VIT_0022628	7.9855394048677395	0.2512024563731957
OG0001260_162	LOC107641233	5.368415728382638	-0.2639872547772874
OG0001260_162	ACT_0020751	5.570063270506307	0.7675783104231834
OG0001260_162	SOL_0007605	2.8564713260706287	2.828674980438408
