tre_ID	gene	root_relative_branch_ratio	sister_relative_branch_ratio
OG0002464_100	CER_0016352	0.6960290165232561	3.260049457829279
