tre_ID	gene	root_relative_branch_ratio	sister_relative_branch_ratio
OG0000648_249	SOL_0022267	3.463389393924364	4.282035856425217
OG0000648_249	ARA_0024885	6.251948322489905	3.1761123627505095
OG0000648_249	ASP_0026139	3.0306373746002992	3.028016693149712
