tre_ID	gene	root_relative_branch_ratio	sister_relative_branch_ratio
OG0000652_249	COF_0009777	6.333271941183389	149.82768386361073
OG0000652_249	HEL_0025917	8.638472905474632	3376280.211143596
