tre_ID	gene	root_relative_branch_ratio	sister_relative_branch_ratio
OG0001289_160	NYM_0030043	9.845329067378602	19.166190030004092
