tre_ID	gene	root_relative_branch_ratio	sister_relative_branch_ratio
OG0002447_101	ASP_0012506	3.3728723120376136	3.1885518536026134
