tre_ID	gene	root_relative_branch_ratio	sister_relative_branch_ratio
OG0000657_248	HEL_0050254	7.634114220626987	4839106.151319843
