tre_ID	gene	root_relative_branch_ratio	sister_relative_branch_ratio
OG0002523_99	HEL_0004846	9.080859460587838	202.47507404039783
