tre_ID	gene	root_relative_branch_ratio	sister_relative_branch_ratio
OG0000648_249	ARA_0024885	6.251948322489905	341.23876892529165
