tre_ID	gene	root_relative_branch_ratio	sister_relative_branch_ratio
OG0001278_161	MAR_0003379	8.697222676004507	36.205303622146126
